HLA,peptide,label
HLA-A*02:01,MMWDCWHAV,1
HLA-A*02:01,YLIIALGIHL,0
HLA-B*15:01,VLFEDAVAY,1
HLA-B*07:02,APLLQENLRL,0
HLA-B*44:02,AGQHIAKSLF,1
HLA-B*07:02,APQVTESIEF,0
HLA-A*02:01,KTLAYSFQSLL,0
HLA-A*02:01,ALLGSSCAPPL,0
HLA-A*30:02,KVDPIGHVY,1
HLA-B*08:01,HIKIEPVAI,0
HLA-A*24:02,RIAQKIGLI,0
HLA-B*07:02,RGRPRKTKL,0
HLA-B*07:02,HPWLELSDVHL,0
HLA-A*24:02,VLAVKRTVF,0
HLA-B*07:02,SLTATTQAPM,0
HLA-A*02:01,PILENPFFSI,0
HLA-A*24:02,RYTEGAELM,0
HLA-A*02:01,WLCRRSRAASV,0
HLA-B*35:01,SPVLRSHSF,0
HLA-A*02:01,FLMASISSFLL,1
HLA-A*02:01,LVFPLVMGV,1
HLA-A*02:01,YTASTSDAV,0
HLA-B*07:02,LVRRSRTYSL,0
HLA-B*07:02,FPLPNQLEIAL,0
HLA-A*02:01,IILVAVPHV,1
HLA-A*02:01,GLSLYTTEM,0
HLA-B*15:01,YSASCYSSSCY,0
HLA-A*02:01,YIPSNDLRAFV,0
HLA-B*07:02,RPHVPESAF,1
HLA-A*02:01,KTVSITSYI,0
HLA-B*07:02,GPRWRSWLV,0
HLA-A*03:01,RQMAAILLRR,0
HLA-A*24:02,FSFPRSSEPF,0
HLA-A*02:01,SMHIDNNTLL,0
HLA-A*02:01,YVYDFGVSVS,1
HLA-A*30:02,LMTLHGFMMY,1
HLA-B*07:02,SPSKTSLTL,0
HLA-A*02:01,AMQCLQNENL,0
HLA-A*02:01,FLLYYGQDI,0
HLA-A*02:01,TLIQCSHFT,0
HLA-A*02:01,YLLFMIGYT,1
HLA-A*24:02,HWQSTIGML,0
HLA-A*03:01,KLSEQILKK,0
HLA-A*02:01,ILAALFLGL,1
HLA-A*31:01,QKTYQVSYGFR,1
HLA-A*68:01,AEWRNGSTSSL,0
HLA-A*02:01,MQLLFDNEV,0
HLA-A*02:01,TLAYSFQSL,0
HLA-A*02:01,VLIDAVVDGQV,0
HLA-A*24:02,SFSLPKSVPLF,0
HLA-B*35:01,LTSTVQLIM,0
HLA-A*02:01,YLTPQSNHLSV,0
HLA-A*02:01,VLLRFQPRV,0
HLA-B*07:02,RPAWRCVPF,0
HLA-A*02:01,IVMEYLAFL,0
HLA-A*02:01,FIFPSFLRVHA,0
HLA-A*02:01,SMIQMLFYM,0
HLA-B*07:02,APNLQNQMSSL,0
HLA-A*02:01,SLSSSGAPSL,0
HLA-A*11:01,VVVGAVGVGK,1
HLA-A*11:01,NVYEVVNSKK,0
HLA-A*03:01,KIQTNRNTVK,0
HLA-B*08:01,LLFQRFFVI,0
HLA-B*07:02,SNTSRYATAL,0
HLA-B*35:01,LPNEYAFVTT,1
HLA-A*11:01,ASISSFLLV,0
HLA-B*15:01,SVGDFSQEF,0
HLA-A*68:02,KVFKLGNKV,0
HLA-B*35:01,FILAERSSLF,0
HLA-A*02:01,FMLYLLTLM,1
HLA-B*44:03,MEAVALVGAW,0
HLA-A*02:01,KLVVVGACGV,1
HLA-A*02:01,GVFDGAASV,0
HLA-A*02:01,KLAFGQKPPL,0
HLA-A*02:01,YLTDKDFEFA,1
HLA-B*35:01,WATSSSRVW,0
HLA-A*02:01,MLLIGFLSGSL,0
HLA-A*03:01,RLFLGLAIK,1
HLA-A*11:01,CSSTLYLPHY,0
HLA-B*15:01,LLKEVYQSEHL,0
HLA-A*02:01,YSFSISSIL,0
HLA-B*07:02,NPLVNSLSL,0
HLA-B*35:01,SPSRKLAAH,0
HLA-A*02:01,SQSPSSFSM,0
HLA-A*02:01,VLESAPINTPL,0
HLA-A*02:01,KMWAGKKLA,0
HLA-B*15:01,YQFFSDECSY,0
HLA-B*07:02,HHWQSTIGM,0
HLA-B*40:01,GEYFTHQIR,0
HLA-A*02:01,LSGEWFTFYLV,0
HLA-A*02:01,FLLQLPFRG,0
HLA-A*03:01,ASWVVPIDIK,0
HLA-A*02:01,LLDEKGPEV,1
HLA-A*24:02,SLLWMNLFVGF,0
HLA-A*02:01,QQWHLDLVLLI,0
HLA-A*02:01,MLLLGLLHA,0
HLA-A*11:01,SSADHPGASK,0
HLA-A*02:01,RQTPEPAEL,0
HLA-A*24:02,HYAALRELI,0
HLA-A*02:01,SLGKAQTAQV,0
HLA-A*03:01,HIDKWCLDLK,0
HLA-A*02:01,VLYVWSFFL,0
HLA-A*02:01,HLKILFLPL,0
HLA-A*02:01,KLLENFYVT,0
HLA-A*11:01,TTLVYPATEK,0
HLA-B*15:01,LSAQSHCSTY,0
HLA-A*02:03,CLMHHLAQA,0
HLA-A*24:02,VFYRAWHQV,0
HLA-B*35:01,DVWFQGERIAY,0
HLA-A*02:01,VALSTCHEL,0
HLA-B*07:02,YPHSLSSKL,0
HLA-A*11:01,ATNAKDSSSR,0
HLA-A*03:01,LLINRGFSK,0
HLA-A*02:01,KIINVDDEI,0
HLA-A*03:01,QTAAAVGVLK,0
HLA-B*35:01,EPEVVFLQF,0
HLA-A*11:01,RTSSTQQDNPK,1
HLA-A*02:01,LLLASTSGA,1
HLA-A*02:01,CMGENQFNV,0
HLA-A*02:01,SMTGIVYSL,0
HLA-B*07:02,HPLKNGDIL,0
HLA-A*11:01,LSHSFNWRK,0
HLA-B*15:01,VSVGDFSQEF,0
HLA-A*03:01,FLFLELLHWFK,0
HLA-A*24:02,WYLKVINLF,0
HLA-A*02:01,RAFFVKFEV,0
HLA-A*02:01,MTDTQFVLAV,0
HLA-A*03:01,TLVPDLLSPK,0
HLA-B*15:01,SSLKTLMSHY,0
HLA-A*30:01,KTQIKLHLSPK,0
HLA-A*02:01,WLWEPLRVV,1
HLA-B*07:02,YPPPPPALL,1
HLA-A*11:01,KLSRFSLAR,0
HLA-A*02:01,TMDKVVQIL,0
HLA-A*68:02,SVSDISEYRV,0
HLA-A*24:02,RYAGLMVPPL,0
HLA-A*02:01,SLSSLTATTQA,0
HLA-A*02:03,FILMGLPHV,0
HLA-B*07:02,HPRAVTGFLW,0
HLA-B*07:02,SPPHPGRLPDL,1
HLA-A*30:01,RIALILAGSK,0
HLA-A*02:01,LLFGMPPCL,1
HLA-B*07:02,ITRKNSRTPL,0
HLA-A*02:01,LLEPHQVGL,0
HLA-A*01:01,ITEEPILMTY,0
HLA-A*02:01,FLSGGGPFSNL,0
HLA-A*68:02,DISEYRVEHL,0
HLA-A*02:01,ALDPHSGHFVA,1
HLA-A*02:01,FQPSFSHLV,0
HLA-A*24:02,LYYEYWSNF,0
HLA-A*02:06,AAPAHSHAV,0
HLA-A*30:01,GITYEYRPSK,0
HLA-B*07:02,LESAPINTPL,0
HLA-A*02:01,KTFSLPSLL,0
HLA-A*02:01,WLIEGDLQV,0
HLA-B*07:02,SAWRNIAARLL,0
HLA-B*15:01,LAVRWFFAHF,0
HLA-A*02:01,FFSSVTVAL,0
HLA-B*08:01,TRKNKKLAL,0
HLA-A*02:01,FIGPLMDAL,0
HLA-A*02:01,KTSEEIMLV,0
HLA-A*24:02,IYTSSGQLQLF,0
HLA-A*11:01,VAQADKYSTK,0
HLA-B*07:02,KMEKKTCAL,0
HLA-B*07:02,SVTSLLYPHSL,0
HLA-A*02:01,FLDFMTKINDL,0
HLA-A*24:02,QYKTLAYSF,0
HLA-B*15:01,LQEEAHVPL,0
HLA-A*02:06,LLGGNSFEV,0
HLA-A*30:02,MTLHGFMMY,1
HLA-A*24:02,LFYALGIVF,0
HLA-A*11:01,GACCPVCLKK,0
HLA-A*02:01,KLDPRLAQL,0
HLA-A*03:01,AMHNQLTDMEK,0
HLA-B*35:01,HSSSGSSLTLF,0
HLA-B*07:02,REMEKGSPF,0
HLA-A*02:01,KVIQFVANYA,0
HLA-A*24:02,DIFFLGLILF,0
HLA-A*11:01,LSSSGAPSLK,0
HLA-A*02:01,FLEPQWYRV,0
HLA-A*02:01,LLQEEAHVPL,0
HLA-A*24:02,AYLEAIHKF,1
HLA-A*02:01,VMLCGHDAV,0
HLA-B*15:01,YASSYIILAM,0
HLA-B*07:02,KPLFPKLAF,0
HLA-A*02:01,SVLENFTIFL,1
HLA-A*02:01,SLETPSPPL,0
HLA-A*02:01,SVLEYQTAVI,0
HLA-A*33:01,EPLSYSLLQR,0
HLA-A*24:02,QFHLKILFLPL,0
HLA-A*02:06,WVMPVIPAL,1
HLA-B*07:02,LNRSSSQGTQL,0
HLA-A*02:01,WLEWWHVQPTL,0
HLA-A*11:01,SILEQMHRK,1
HLA-B*08:01,LLRKHQLIYL,0
HLA-A*02:01,ILPFTPEFL,0
HLA-A*02:01,KTLAYSFQSL,0
HLA-A*02:01,ALSPGLTRT,0
HLA-B*15:01,SAQSHCSTY,0
HLA-B*07:02,ALAQKGVQL,0
HLA-B*07:02,RPYGSTVPA,0
HLA-A*02:01,KELLKHPFTL,1
HLA-A*01:01,FTDEKVKAY,0
HLA-A*02:01,KQPEGLWPPL,0
HLA-A*02:01,NQLIYELYV,0
HLA-A*02:01,ALCRHEYPL,0
HLA-A*02:01,GLPAEGVSEV,0
HLA-A*02:01,KLCVACPMHSL,0
HLA-A*02:01,VVLSVPAKV,0
HLA-A*02:01,TLLSQVNKV,0
HLA-B*07:02,HPYDQAHLL,0
HLA-A*02:01,AQFKGAWIL,0
HLA-A*30:01,GSSPFQHLEK,0
HLA-B*07:02,SPILWYAPESL,0
HLA-A*03:01,RTAKQNPLTK,0
HLA-A*03:01,KLESSSPVK,0
HLA-A*02:01,LLLEFGANM,0
HLA-A*02:01,YVTAMDIFV,1
HLA-A*02:01,RLDTSVIFEGL,0
HLA-A*02:01,HIMPDTAEI,0
HLA-A*24:02,SFEAAAWYW,0
HLA-A*02:01,TMAAISNTV,1
HLA-A*24:02,SFEAAAWYWHF,0
HLA-A*02:01,SQNSSTICCV,0
HLA-A*24:02,FWLFWGLTYI,0
HLA-A*02:01,FLPIPNWEQ,0
HLA-A*11:01,RSSEPFQGSYK,0
HLA-A*02:01,LLQDGDIQV,0
HLA-A*24:02,KFHPQRLQL,0
HLA-A*11:01,GSLHSGTAK,0
HLA-A*11:01,ASWYRIYSK,0
HLA-A*02:01,FLLDDPLSTV,0
HLA-A*02:01,CTYEYWPSA,0
HLA-A*02:01,ILTPVLNPI,0
HLA-A*11:01,ASLAPECGFGR,0
HLA-B*15:01,RSSHIFPSL,0
HLA-A*31:01,GLYVFRNER,1
HLA-A*11:01,KIVEAQSGVK,0
HLA-A*02:01,LIDSNTLQV,0
HLA-A*02:01,YLVYQMLKV,1
HLA-A*02:01,FSFPETQFIAV,0
HLA-A*02:01,RLPVGAYEV,0
HLA-A*11:01,MLEYQKILWK,1
HLA-A*11:01,QSANLVNPK,0
HLA-A*11:01,SSEDDGFFLGK,1
HLA-A*11:01,RTTIESPSRK,0
HLA-A*30:01,QIKLHLSPK,0
HLA-A*02:01,ASMTGIVYSL,0
HLA-A*02:01,ILDGGHEDASL,0
HLA-A*02:01,GMGPLLAMV,1
HLA-A*02:01,AQYTLMSQAV,0
HLA-B*15:01,FLVYGVRPGM,0
HLA-B*35:01,DPSQRGCFTL,0
HLA-A*11:01,TVTECLNTFCK,0
HLA-A*11:01,TLVYPATEK,0
HLA-A*02:01,FLSCPLYRFSL,0
HLA-A*02:01,NLNPNVDPQV,0
HLA-A*24:02,YYSKNLNSFF,1
HLA-A*02:01,SFQSLLYLL,0
HLA-B*07:02,LPAPGGGES,0
HLA-A*02:01,LLDDECAFYT,0
HLA-A*01:01,LADFRLARLY,0
HLA-A*24:02,SYAVRCAFYQL,0
HLA-A*02:01,FLSTHLKLFL,0
HLA-A*02:01,KTSDVNSLV,0
HLA-A*02:01,QMIYSAARV,1
HLA-B*35:01,LSQCSQLTTFY,0
HLA-B*07:02,AAAAQQIQV,0
HLA-A*11:01,SIAECETRLGK,0
HLA-B*08:01,NVDMRTISF,0
HLA-A*02:01,KLVFGSVFL,1
HLA-A*02:01,MIISHLYLI,1
HLA-B*07:02,GVRLSFSGPAL,0
HLA-A*03:01,KIFSEVTLK,1
HLA-A*02:01,FIFSYVVAV,1
HLA-B*07:02,RARGRPRKTKL,0
HLA-A*02:01,ILSPIDISGQV,0
HLA-B*07:02,SPPTSPVQTPL,0
HLA-A*24:02,EYYADAFDFY,0
HLA-A*11:01,ITNLLFAIPY,0
HLA-A*02:01,QLLQDHWEI,0
HLA-A*02:01,FQLNQSFEI,1
HLA-A*02:01,TLPTVKLAEV,0
HLA-A*02:01,QLLVSLWGL,1
HLA-A*33:01,NLLGGNSFEVR,0
HLA-A*30:01,ITYEYRPSKA,0
HLA-A*02:03,VLYLHITWV,0
HLA-A*02:01,VVVPCEPPEV,1
HLA-A*02:01,ALHWEQVAV,0
HLA-A*02:01,CLDLKILYL,0
HLA-A*24:02,FYPGMLQRR,0
HLA-A*02:01,LLFGMPPCLL,1
HLA-A*24:02,IYLLQYVTL,0
HLA-A*02:01,FALGNVISAL,0
HLA-A*02:01,LLQVYCEMYGL,0
HLA-A*24:02,LFPGALYLV,0
HLA-A*24:02,LMMSLSALF,0
HLA-B*15:01,GQFLTPNSH,1
HLA-A*02:01,KLVVVGAVGV,1
HLA-A*24:02,GLAMAGSLVF,0
HLA-A*02:01,SLTHNAVCPI,0
HLA-B*07:02,AKNCGIAIPV,0
HLA-A*02:01,VLWDYVYQL,1
HLA-B*07:02,ELATRGAQM,0
HLA-A*02:01,KMPWNNQLL,0
HLA-A*02:01,VQDKCVEML,0
HLA-B*07:02,APVFLDCLEL,0
HLA-B*15:01,MAKTSTSLPY,0
HLA-B*07:02,NISSGTRML,0
HLA-A*02:01,VLYCVLIESL,0
HLA-A*02:01,YKLVVVGAV,1
HLA-A*24:02,NYIPSNDLRAF,0
HLA-A*24:02,LFSSSSFQK,0
HLA-A*02:01,RLIPRVLAM,0
HLA-B*35:01,GAILPFTPEF,0
HLA-B*08:01,NLRYFAKSL,1
HLA-A*02:01,AVAGIIPPSV,0
HLA-A*02:01,WLIDMKSLVM,0
HLA-B*57:01,VSKILPSTW,1
HLA-A*02:01,SCSRAVPQV,1
HLA-A*02:01,GLTSFFIAI,1
HLA-A*24:02,IYTHNTLSSL,0
HLA-A*02:01,LIYELYVSEL,0
HLA-B*07:02,NPDVNITNLEF,0
HLA-A*02:01,MLEYQKILWKV,1
HLA-B*44:02,GEEDGAGGHSL,1
HLA-A*68:02,ATPSLHTSV,0
HLA-A*24:02,FAFVEFYHF,0
HLA-A*02:01,FLGEAWAQV,1
HLA-A*02:01,ILTDIEEKV,1
HLA-A*11:01,QVAEKMEKK,0
HLA-A*02:01,VQYLGMFPV,1
HLA-A*02:01,YLNELVVFV,1
HLA-A*24:02,PYTRDQIMTIL,0
HLA-A*24:02,SFSISSILEW,0
HLA-B*35:01,QPTGAPTPL,0
HLA-A*02:01,VFYTILTPV,0
HLA-B*15:01,GLSYCLPPTF,0
HLA-A*11:01,TITMQLMNREK,0
HLA-A*24:02,SYSHKVDIFFL,0
HLA-A*11:01,GVADVLLYR,1
HLA-A*02:01,LLFALHFSA,1
HLA-B*07:02,APPSAEYESL,0
HLA-A*02:01,RLVPYLEFL,1
HLA-A*24:02,LFLSASSNSF,0
HLA-A*03:01,VISKKDFHK,0
HLA-B*07:02,LAMAGSLVF,0
HLA-A*02:01,KLFESKAEL,0
HLA-A*03:01,RIYTGEKPFK,0
HLA-A*24:02,PILENPFFSIF,0
HLA-A*02:01,ALFTWTNLL,0
HLA-A*02:01,SLVAAWYSGV,0
HLA-A*03:01,VTHYVRPQVRK,0
HLA-A*11:01,HIIRLMLEY,1
HLA-A*02:01,MLMLAVIVA,1
HLA-A*02:01,FLYFRDRLGDI,0
HLA-A*24:02,ALAKETQFW,0
HLA-A*31:01,KTSSGLYVFR,1
HLA-A*02:01,NLLNHSWLV,0
HLA-A*02:01,RLYSKQVTIAI,0
HLA-B*07:02,TLAYSFQSL,0
HLA-A*02:01,KLWASPLHV,1
HLA-A*02:01,YLLNIPGPIYI,0
HLA-B*07:02,RKEASSRHFL,0
HLA-A*02:01,AMQKRRLHLSV,0
HLA-A*02:01,VMLENFRNLLL,0
HLA-A*02:01,RLFNGNSRGSV,0
HLA-A*24:02,ARMWMTLTF,0
HLA-A*02:01,FLVNKFSTL,0
HLA-A*02:01,FLEIYTVTV,1
HLA-A*02:01,RMIGVGVAV,0
HLA-A*03:01,LIQNVRSMK,0
HLA-A*11:01,LSVTHMTSR,0
HLA-A*02:01,ILKQNYFSV,0
HLA-A*02:01,SLLMWITQAL,1
HLA-B*15:01,GASMTGIVY,0
HLA-B*15:01,ASMPSSPPL,1
HLA-A*02:01,RLLRGYDQYA,0
HLA-B*15:01,HQMLLQTCQDF,0
HLA-B*15:01,SLFALGNVI,0
HLA-B*15:01,LDYEWGTVTF,1
HLA-A*02:01,LMVPHSPSL,1
HLA-A*02:01,TLAYFLPRPPL,0
HLA-A*02:01,SLSSLTATT,0
HLA-A*02:01,SLYCHTYAEKV,0
HLA-A*24:02,GYYLEGWRFL,0
HLA-B*44:03,IEHNIRNAKY,0
HLA-A*02:01,SLQPVQALGAV,0
HLA-B*07:02,PPSLLWMNL,0
HLA-A*02:01,AVFYTILTPVL,0
HLA-A*01:01,LTEKVSLLK,0
HLA-A*02:01,IQINSHCFVV,0
HLA-B*35:01,TPLPAPQQY,0
HLA-A*02:01,VAFCDMLLNV,0
HLA-A*24:02,YALVRLGIQTF,0
HLA-B*07:02,MRRTRPSAA,0
HLA-A*11:01,AQALADLAGFK,0
HLA-B*07:02,YVRRVFITDDL,0
HLA-A*02:01,IQAAYVHVI,0
HLA-A*02:01,FLSQRVAFLGL,0
HLA-A*02:01,VLSWLLKYKI,0
HLA-A*03:01,LLYNDQPPR,0
HLA-A*24:02,AYLEAIHHF,1
HLA-A*02:01,KQAPGDQVTEI,0
HLA-A*02:01,LLVDAMHNQL,1
HLA-A*02:01,ALFALLEIL,1
